{
  "timestamp": "20260630_064016",
  "scenarios": {
    "pipeline_18": {
      "scenario_id": "pipeline_18",
      "decision": "dismiss_benign",
      "decision_correct": false,
      "confidence": 1.0,
      "stop_reason": "voi_floor",
      "rounds_used": 26,
      "probes_used": 55,
      "total_attack_edges": 18,
      "found_attack_edges": 1,
      "recall": 0.05555555555555555,
      "total_graph_events": 3,
      "attack_in_graph": 1,
      "precision": 0.3333333333333333,
      "f1": 0.09523809523809525,
      "elapsed_seconds": 72.95846819877625,
      "llm_calls": 14,
      "llm_tokens": 9617,
      "leading_explanation": "__null__",
      "alternatives": [
        {
          "id": "H1",
          "posterior": 0.006775244299674276
        }
      ],
      "errors": []
    }
  },
  "summary": {
    "total": 1,
    "correct_decisions": 0,
    "avg_recall": 0.05555555555555555,
    "avg_precision": 0.3333333333333333,
    "avg_f1": 0.09523809523809525,
    "total_elapsed": 72.95846819877625,
    "total_llm_calls": 14,
    "total_llm_tokens": 9617
  }
}